Rays,AJI,bPQ,mPQ,P,R,F1
8,0.5646,0.5902,0.4394,0.7334,0.7412,0.7373
16,0.5749,0.6019,0.4606,0.7393,0.7381,0.7387
32,0.5759,0.604,0.4533,0.7455,0.7339,0.7396
64,0.5715,0.6024,0.4526,0.7419,0.74,0.7409
STD,0.005109712973,0.006346849612,0.008825483934,0.00509599516,0.003198958164,0.001515200757